How,5298,,to,5158,,Make,1318,,How to,5027
What,562,,Is,229,,Cook,841,,What Is,212
The,211,,of,188,,Freeze,223,,How Long,114
Can,147,,for,133,,Use,211,,What Are,103
Easy,75,,Are,117,,the,150,,Can You,91
Difference,66,,Long,114,,of,144,,The Best,83
Types,64,,You,107,,Bake,124,,Difference Between,64
List,51,,Best,86,,Store,122,,Types of,62
Homemade,37,,Between,81,,Eat,103,,List of,50
Substitutes,34,,Do,59,,a,94,,How Do,42
Why,30,,I,41,,Keep,91,,Can I,38
Does,27,,Does,41,,to,87,,Easy to,36
Cooking,26,,Can,32,,Roast,76,,Substitutes for,34
Instructions,23,,Foods,29,,Grill,72,,The Difference,25
Things,22,,Difference,25,,Smoke,71,,The History,25
Uses,21,,History,25,,I,67,,Instructions for,23
Differences,19,,Vs,24,,for,66,,What to,21
Directions,17,,is,21,,Prepare,65,,What Kind,21
Different,17,,That,21,,Clean,63,,What is,19
Tips,16,,Kind,21,,Can,63,,Things to,19
Is,15,,on,19,,Boil,58,,How To,18
Where,14,,To,18,,Substitute,55,,How Much,17
A,14,,Much,17,,Tell,54,,Differences Between,17
Do,14,,Food,16,,Remove,50,,What Can,16
Which,13,,Rice,16,,Cut,47,,What Does,16
Substitute,13,,Ideas,15,,Dry,44,,How do,15
Baked,13,,do,15,,Get,39,,Uses for,14
Foods,13,,Spices,15,,Fry,38,,How Can,14
These,12,,in,15,,Steam,38,,How Does,14
Ways,12,,Homemade,14,,Reheat,38,,The Only,14
Ideas,11,,vs,14,,Way,37,,Substitute for,13
About,11,,Only,14,,Serve,37,,Directions for,12
Facts,11,,Types,13,,Go,36,,Ways to,12
When,10,,Way,13,,Thicken,35,,Tips on,11
Healthy,10,,Vegetables,12,,Cooking,32,,Ideas for,11
Good,9,,Side,12,,Season,32,,The Differences,11
Are,9,,Kinds,12,,Broil,32,,What Spices,10
Traditional,9,,and,11,,Between,32,,What Do,10
Food,8,,Pot,11,,Do,31,,What Foods,10
Delicious,8,,Chicken,11,,make,31,,Facts About,9
Sweet,8,,Differences,11,,You,30,,What Happens,9
Make,8,,Chocolate,11,,Fix,29,,What Causes,8
Ingredients,8,,Hot,10,,Preserve,28,,Why Is,8
Black,7,,Recipe,9,,Peel,27,,How Many,7
Red,7,,Cooking,9,,in,26,,Kinds of,7
Best,7,,About,9,,Know,25,,What Vegetables,7
Kinds,7,,Happens,9,,Vs,25,,What Type,7
Making,7,,Cheese,8,,Does,24,,Different Kinds,7
DIY,6,,Parts,8,,Tenderize,23,,Uses of,7
Alternatives,6,,Causes,8,,Pan,23,,Why Do,7
Cheeses,6,,Turkey,8,,Melt,22,,How Are,7
Herbs,6,,Effects,7,,Heat,22,,What Side,6
This,6,,are,7,,Are,22,,Do You,6
Common,6,,Many,7,,Marinate,22,,What Goes,6
Italian,6,,Potato,7,,Pickle,21,,Alternatives to,6
Fruits,6,,Type,7,,Recipe,20,,How Is,6
Turkey,6,,Ways,7,,Chicken,20,,What Makes,6
Recipe,5,,Beer,6,,Should,20,,Easy Way,5
Add,5,,Makes,6,,Defrost,20,,Gluten Free,5
Spices,5,,a,6,,Slow,20,,What Types,5
Side,5,,the,6,,Deep,18,,How Hot,5
Gluten,5,,With,6,,Add,17,,Easy Recipe,5
Instant,5,,Spices.json,6,,Convert,17,,Instant Pot,5
Dinner,5,,Substitute,6,,Cheese,16,,A List,5
Finger,5,,Free,6,,Measure,16,,The Effects,5
Salads,5,,Cuts,6,,Buy,16,,What Part,5
Characteristics,5,,Cooker,6,,Brine,15,,Characteristics of,5
You,5,,Finger,6,,Dehydrate,15,,Why Does,5
Meals,4,,Goes,6,,Substitutes.json,14,,Fruits Vegetables,4
Pork,4,,Part,5,,Soften,14,,Cooking Time,4
Snack,4,,Did,5,,Blanch,14,,Tips for,4
Vegetables,4,,Red,5,,Soak,14,,Different Types,4
No,4,,List,5,,Thaw,13,,Ingredients in,4
Sheet,4,,Oven,5,,Ideas.json,13,,Recipe for,4
Slow,4,,Roaster,5,,How,13,,Foods That,4
History,4,,Time,5,,With,13,,Cooking Instructions,4
Easiest,4,,Instructions,5,,Build,13,,Foods to,4
Chicken,4,,Roast,5,,Food,12,,Staple Foods,4
Should,4,,Uses,5,,Decorate,12,,Slow Cooker,4
Baking,4,,Fruit,5,,Foods,12,,Sheet Pan,4
Chocolate,4,,Bar,5,,and,11,,Where to,4
Convection,4,,s,4,,Put,11,,When Are,4
Edible,4,,Pan,4,,Microwave,11,,History of,4
Signs,4,,Substitutes,4,,vs,11,,A Substitute,4
Spaghetti,4,,Rib,4,,Ways,11,,Where Does,4
Staple,4,,Style,4,,Take,10,,What Kinds,4
Electric,4,,Similar,4,,Oven,10,,Salads to,4
Everything,3,,Dishes,4,,Is,10,,Definition of,3
Copycat,3,,Sweet,4,,Find,10,,Finger Foods,3
Better,3,,Herbs,4,,Open,10,,Properties of,3
Creamy,3,,Pumpkin,4,,Chocolate,10,,Dinner Ideas,3
White,3,,This,4,,Carve,10,,Step by,3
Fresh,3,,Sauce,4,,Brown,10,,Herbs Spices,3
Popular,3,,Coffee,4,,Toast,10,,Ingredients of,3
Olive,3,,Cream,4,,Stop,10,,These are,3
Quick,3,,Breakfast,4,,an,10,,What Parts,3
All,3,,Used,4,,Wash,10,,Better Know,3
Essential,3,,Easy,3,,Beef,9,,The Secret,3
Brie,3,,Black,3,,Be,9,,Methods of,3
Crock,3,,Powder,3,,Grind,9,,Edible Parts,3
Cuban,3,,Crackers,3,,Good,9,,Food Ideas,3
Seasoning,3,,Tuna,3,,Determine,9,,Cuts of,3
Problems,3,,by,3,,Replace,9,,Where Did,3
One,3,,Seasonings,3,,BBQ,8,,Names of,3
Cake,3,,Need,3,,French,8,,Directions to,3
Fried,3,,Potluck,3,,White,8,,Make Ahead,3
Fish,3,,Substitutes.json,3,,Brew,8,,What Sides,3
Classic,3,,Pork,3,,Calculate,8,,Easy Chocolate,3
Dangers,3,,Salad,3,,Soup,8,,Is There,3
Cuts,3,,Indian,3,,Cure,8,,What Herbs,3
Broccoli,3,,Fresh,3,,Ideas,8,,Crock Pot,3
Step,3,,Sides,3,,Pressure,8,,Delicious Homemade,3
Properties,3,,Kale,3,,on,8,,Best Way,3
Oster,3,,Squash,3,,Dishes,8,,Baked Chicken,3
Cold,3,,Menu,3,,Prevent,8,,What Crackers,3
Definition,3,,Butter,3,,Mix,8,,Why Are,3
Low,3,,Strawberry,3,,Ship,8,,Spaghetti Squash,3
Names,3,,Dish,3,,Warm,8,,Gruyere Vs,2
Cream,3,,Secret,3,,Cooker,8,,Easy Homemade,2
Creative,3,,Steak,3,,Instructions.json,8,,Cast Iron,2
Taco,3,,Eye,3,,Meat,8,,Spices to,2
Methods,3,,Cut,3,,Reduce,7,,Olive Garden,2
Appetizers,3,,Soup,3,,Using,7,,Baked Potatoes,2
Breakfast,3,,Should,3,,Extract,7,,Homemade Strawberry,2
Famous,3,,One,3,,It,7,,Vegetables That,2
Tutorial,2,,Party,3,,Sugar,7,,Which Side,2
Rotel,2,,Ahead,3,,That,7,,Parts of,2
An,2,,Potatoes,3,,Shell,7,,No Bake,2
Dragon,2,,Know,3,,Will,7,,Does Dry,2
Beef,2,,There,3,,Juice,7,,Sweet and,2
Canning,2,,Dinner,3,,Cake,7,,Turkey Breast,2
Drinks,2,,Seed,3,,Identify,6,,What Size,2
Cajun,2,,Bread,3,,Infuse,6,,What Flavors,2
Buffalo,2,,Frozen,3,,Quick,6,,Pros Cons,2
Turn,2,,Country,3,,Spices.json,6,,Finger Food,2
Six,2,,Healthy,3,,Sear,6,,Peanut Butter,2
Cheese,2,,Size,2,,Pot,6,,Substitutions for,2
Rainbow,2,,Bowl,2,,Choose,6,,Cheeses That,2
Nutrition,2,,Milk,2,,Edible,6,,Things You,2
Rib,2,,How,2,,Cold,6,,Meals With,2
Hitachi,2,,French,2,,Cream,6,,When Is,2
Indian,2,,Beef,2,,Bar,6,,Back to,2
Back,2,,Dip,2,,Pork,6,,Dangers of,2
Oils,2,,Mint,2,,Hard,6,,Black Bean,2
Dehydrator,2,,Weight,2,,Create,6,,How Often,2
Lobster,2,,Almond,2,,Casserole,6,,Pot Roast,2
Garnishes,2,,Expensive,2,,Baked,6,,Traditional Foods,2
Top,2,,Directions,2,,Stuffed,6,,Cooking Directions,2
Yellow,2,,Iron,2,,Quickly,6,,Taco Bar,2
Cheesy,2,,Luncheon,2,,Lemon,6,,Rib Eye,2
Vegan,2,,Garden,2,,Foods.json,6,,Facts on,2
Ancient,2,,with,2,,Ripen,6,,You ll,2
Menu,2,,Apple,2,,Beer,5,,What Cuts,2
Peanut,2,,White,2,,Properly,5,,Different Ways,2
Brisket,2,,Crusted,2,,Homemade,5,,Easy Potluck,2
Advantages,2,,Juice,2,,Flour,5,,Red Wines,2
Russet,2,,Made,2,,Apple,5,,The Uses,2
Use,2,,Cheeses,2,,Chop,5,,Type of,2
Butter,2,,Onion,2,,Some,5,,Brands of,2
Cow,2,,Perfect,2,,All,5,,What are,2
Very,2,,Apples,2,,Slice,5,,All You,2
Seafood,2,,Olive,2,,Parboil,5,,Traditional Food,2
Porcelain,2,,Lobster,2,,Re,5,,Tater Tot,2
Pomegranate,2,,Top,2,,Facts.json,5,,What Not,2
Three,2,,Tot,2,,Crack,5,,What Products,2
Banana,2,,Keeps,2,,Cuts,5,,Good Substitutes,2
Coconut,2,,American,2,,Finger,5,,Types Of,2
Safety,2,,Four,2,,Popcorn,5,,Directions on,2
Biscuits,2,,Tools,2,,Garnish,5,,Spices Used,2
Old,2,,Steel,2,,Refreeze,5,,When Does,2
Cookie,2,,Pie,2,,Times,5,,Tutorial on,2
Pot,2,,Beans,2,,Need,5,,Garnishes for,2
Infrared,2,,Theme,2,,Turn,5,,Healthy Eating,2
Parts,2,,ll,2,,Rice,5,,Meal Ideas,2
Mirro,2,,Products,2,,Potato,5,,Cheeses to,2
Cute,2,,Dry,2,,Check,5,,Oster Rice,2
Non,2,,Wines,2,,Kosher,5,,The Dangers,2
Irish,2,,Mashed,2,,cook,5,,One Pot,2
Kitchen,2,,Temperatures,2,,Chinese,5,,What Should,2
Tater,2,,Flavors,2,,Egg,5,,What Keeps,2
Prime,2,,Mozzarella,2,,Red,4,,Should You,2
Peach,2,,Crock,2,,Precook,4,,Oils to,2
Shelf,2,,Whipping,2,,s,4,,Differences in,2
Omaha,2,,Snacks,2,,Cube,4,,These Dishes,2
Roasted,2,,Sugar,2,,Age,4,,The Perfect,2
Substitutions,2,,Bake,2,,Rib,4,,What Cut,2
Health,2,,Of,2,,Pizza,4,,Easiest Way,2
Turmeric,2,,Cookie,2,,Transport,4,,Convection Oven,2
Detox,2,,Head,2,,Shred,4,,Prime Rib,2
Meatloaf,2,,Instant,2,,Side,4,,Do I,2
Brands,2,,Spice,2,,Gouda,4,,The Top,2
Gruyere,2,,Baked,2,,Ingredients.json,4,,Cream Cheese,2
Kosher,2,,Cheddar,2,,My,4,,Signs of,2
Thanksgiving,2,,Cake,2,,Throw,4,,Cooking the,2
Bread,2,,Would,2,,Spice,4,,You Need,2
Buffet,2,,Often,2,,Easily,4,,Different Cuts,2
Smoked,2,,Shoulder,2,,Ham,4,,Difference in,2
Vegetarian,2,,Baking,2,,Dinner,4,,Make This,2
Regal,2,,Vegetable,2,,Thin,4,,Snack Ideas,2
Life,2,,Starch,2,,Italian,4,,Side Dishes,2
Cast,2,,Classic,2,,Five,4,,Very Best,2
Thawing,2,,Treats,2,,Bread,4,,Low Carb,2
German,2,,Ham,2,,Smoked,4,,The Ratio,2
Cheap,2,,Dangers,2,,Appetizer,4,,The Ingredients,2
Type,2,,Shaped,2,,Order,4,,Dragon Fruit,2
Most,2,,Grill,2,,Making,4,,What Country,2
Super,2,,Cooked,2,,Corn,4,,Why are,2
Candy,2,,Ingredients,2,,Wine,4,,Does Homemade,2
Pros,2,,Tilapia,2,,Hot,4,,How Far,2
Dark,2,,Non,2,,Salt,4,,Baked Potato,2
Colombian,2,,Irish,2,,Marinade,4,,Snack Foods,2
Wild,2,,Not,2,,Spices,4,,Shelf Life,2
Spicy,2,,These,2,,Substitutes,4,,The Types,2
Meal,2,,Up,2,,Snack,4,,Chili Sauce,1
Meat,2,,Italian,2,,Pots,4,,Essential Drinkware,1
Typical,2,,Factors,2,,Fillet,4,,Sandwiches That,1
Will,2,,Eating,2,,Peanut,4,,Bloody Mary,1
Corn,2,,Paste,2,,Butter,4,,Mom s,1
African,2,,Popcorn,2,,Crush,4,,Signs Symptoms,1
Sandwich,2,,Far,2,,Strawberry,4,,Palm Oil,1
Single,2,,Meatloaf,2,,Barbecue,4,,Importance of,1
Welcome,2,,Pasta,2,,Double,4,,Everything You,1
,1,,Champagne,2,,Gumbo,4,,Valentine Dinner,1
Water,1,,Bacon,2,,Snacks,4,,Potato Soup,1
Canned,1,,Fruits,2,,Potatoes,4,,Classic Russian,1
Sauces,1,,Out,2,,Refrigerate,4,,Yellow Rice,1
Raw,1,,Carb,2,,Moisten,4,,Roasted Frozen,1
Varieties,1,,Honey,2,,Restore,4,,Electric Vs,1
Swedish,1,,Low,2,,Chili,4,,Solar Oven,1
Substitution,1,,Life,2,,Care,4,,Healthy Baking,1
National,1,,Recipes,2,,Organize,4,,Great Potluck,1
Hog,1,,Ratio,2,,Troubleshoot,4,,Best Alkaline,1
Cowboy,1,,Eggnog,2,,Fold,3,,Kitchen Hacks,1
Nashville,1,,Spinach,2,,Water,3,,Life Cycle,1
Brewing,1,,Facts,2,,Crackers,3,,Dill Seed,1
California,1,,Lunch,2,,Soft,3,,Homemade Bread,1
Hot,1,,Cons,2,,Cover,3,,Buffet Style,1
Sea,1,,Breast,2,,Start,3,,How Big,1
Bratwurst,1,,Grilled,2,,De,3,,Making Homemade,1
Mississippi,1,,Appetizer,2,,Grease,3,,Is Whipping,1
Diet,1,,Candy,2,,Mustard,3,,Learn How,1
Jell,1,,Items,2,,Top,3,,About Colonial,1
Sandwiches,1,,Pros,2,,Pie,3,,Holiday Hedonism,1
Maryland,1,,Caramel,2,,Beans,3,,Secrets to,1
Grocery,1,,Bean,2,,Dish,3,,Help Groceries,1
Set,1,,Meat,2,,Sprout,3,,Corn Starch,1
F,1,,Spaghetti,2,,Host,3,,Unique Cake,1
Beet,1,,Wonton,2,,Beers,3,,Best Beer,1
Tiger,1,,Corn,2,,Sweet,3,,Homemade Mint,1
Beer,1,,Water,1,,Pop,3,,Fast Way,1
Salt,1,,Wine,1,,Sour,3,,The Pros,1
Velveeta,1,,Soluble,1,,Cutting,3,,Medieval Recipes,1
Mini,1,,Canned,1,,Poach,3,,Spirits and,1
S,1,,Wing,1,,Avoid,3,,Famous Foods,1
French,1,,Noodle,1,,Irish,3,,Neolithic Diets.json,1
Specifications,1,,Sauces,1,,Step,3,,Cooking Pinto,1
Cacio,1,,Raw,1,,Truss,3,,Why Bread,1
Minty,1,,Healthiest,1,,Greek,3,,Does Food,1
Bounce,1,,Romano,1,,Bacon,3,,Maple Praline,1
Hoisin,1,,BBQ,1,,Debone,3,,Vanilla Paste,1
Fast,1,,Ranch,1,,Cool,3,,Thin Mint,1
Munster,1,,Tutorial,1,,Stir,3,,Spice Substitutes,1
Seasonings,1,,Rastafarian,1,,Sell,3,,Taco Salad,1
Degrees,1,,Alternative,1,,Wild,3,,When to,1
Souffl,1,,Diets.json,1,,From,3,,Is Pesto,1
Medieval,1,,Things,1,,Canned,3,,These Side,1
Disney,1,,Pistachios,1,,Black,3,,The Volume,1
Tecate,1,,Foreman,1,,Set,3,,Green Curry,1
Holiday,1,,Pairs,1,,Plantain,3,,Homemade Raspberry,1
Cube,1,,an,1,,Sharpen,3,,Jasmine Rice,1
Listing,1,,Thickness,1,,Assemble,3,,Colonial American,1
Artichoke,1,,Currant,1,,Dip,3,,Easy Spanish,1
Pan,1,,3,1,,Canning,3,,Fried Snapping,1
Festive,1,,5,1,,Paint,3,,The Value,1
Heavy,1,,7,1,,Well,3,,Individual Tiramisu,1
Russian,1,,Alcoholic,1,,Crab,3,,Copycat Starbucks,1
Boysenberry,1,,Jell,1,,Mexican,3,,Wrappings for,1
Stone,1,,Maryland,1,,Fresh,3,,Do Ziploc,1
Fastest,1,,Elixir,1,,Vegetables,3,,Herbs for,1
Refined,1,,Tenderloin,1,,Charbroil,3,,Steps on,1
Hamburger,1,,Caviar,1,,Dog,3,,Salt Vs,1
Winter,1,,Pressed,1,,if,3,,Brazilian Spices.json,1
Stovetop,1,,Pops,1,,Lobster,3,,Homemade Milk,1
Flourless,1,,D,1,,Catch,3,,Layer Hot,1
Galangal,1,,Grain,1,,Still,3,,Roshco Silicone,1
Light,1,,Amaretto,1,,Read,3,,Cooking Pasta,1
Potluck,1,,Chip,1,,Directions.json,3,,Turmeric Why,1
Procedure,1,,Beet,1,,Perfectly,3,,Cute Reindeer,1
Cinnamon,1,,Machine,1,,Finish,3,,Are Worms,1
Color,1,,O,1,,Gravy,3,,Easy Hoisin,1
For,1,,Viking,1,,Seasoning,3,,Lentil Substitutes.json,1
Qualities,1,,P,1,,Party,3,,If You,1
European,1,,Salt,1,,Vegetable,3,,Alcohol in,1
Hand,1,,Velveeta,1,,Ice,3,,Deli Lunch,1
Smoothie,1,,Eyed,1,,Operate,3,,Carbon Steel,1
Pearl,1,,R,1,,Cocoa,3,,About Stone,1
Pezzetti,1,,Cherries,1,,Ferment,3,,Turn Pie,1
Wonka,1,,Hoisin,1,,Baste,3,,Lose Weight,1
Almond,1,,Aladdin,1,,Sauce,3,,Simple Syrup,1
Little,1,,Cupid,1,,Pair,3,,What Sort,1
Roasting,1,,Nectar,1,,Recipe.json,3,,Does Fruit,1
Unique,1,,Floss,1,,Recipes,3,,Does Beer,1
Sparkling,1,,e,1,,Plan,3,,Grey Poupon,1
Salted,1,,Blue,1,,When,3,,Hazards of,1
Symptoms,1,,Rules,1,,Summer,3,,Easy No,1
Dill,1,,Chestnuts.json,1,,Spanish,3,,Unicorn Food,1
Spiced,1,,DIY,1,,Meal,3,,Easy Pokemon,1
Rocket,1,,Holiday,1,,Fruit,3,,Souffl Dish,1
Preparing,1,,Dough,1,,Dice,3,,Meatloaf Made,1
Naturally,1,,Your,1,,Refill,3,,Are Porcelain,1
McDonald,1,,Tip,1,,Easy,2,,Orange Pomegranate,1
Luncheon,1,,Drinks,1,,Boiled,2,,Black Angus,1
Quickest,1,,did,1,,Basics,2,,Cajun Style,1
Westinghouse,1,,Festive,1,,Substitute.json,2,,Salted Caramel,1
Salad,1,,Add,1,,Milk,2,,Rocket Chef,1
Rice,1,,Russian,1,,Butcher,2,,Storing and,1
Distilled,1,,Liver,1,,Arroz,2,,Creamy Pumpkin,1
Composition,1,,Using,1,,Pistachios,2,,Listing of,1
Mexican,1,,Stone,1,,Carbonated,2,,About Cheese,1
Tatung,1,,Flavoring.json,1,,Machine,2,,Top 5,1
Colonial,1,,Snapping,1,,Clarify,2,,Top Probiotic,1
Baby,1,,Meals,1,,Tie,2,,Red White,1
Tailgating,1,,Avanti,1,,Par,2,,Add Peppermint,1
Spiral,1,,Hedonism,1,,Drinks.json,2,,Almond Paste,1
Restaurants,1,,H2O,1,,Light,2,,Banana Pop,1
Sirloin,1,,Knives,1,,Meals,2,,Other Names,1
Romantic,1,,For,1,,Campbell,2,,New York,1
Donut,1,,Alternatives,1,,toast,2,,Ultimate Homemade,1
KitchenAid,1,,Equations,1,,Storage,2,,Easy School,1
Catering,1,,Smoothie,1,,Pears,2,,Turkey Cooking,1
Caesar,1,,Storage,1,,Press,2,,Aged Mizithra,1
John,1,,Broil,1,,Saute,2,,Rainbow Waffle,1
Serrano,1,,Roll,1,,Appetizers.json,2,,These Chocolate,1
Pecan,1,,Symptoms,1,,Home,2,,What Pairs,1
Crispy,1,,Hole,1,,People,2,,Good Red,1
Charbroil,1,,Cuisine,1,,Dover,2,,Safety of,1
George,1,,Morrell,1,,with,2,,Yummy Cocktail,1
Moong,1,,During,1,,Kiwi,2,,The 7,1
Halogen,1,,Relleno,1,,Drizzle,2,,Good Things,1
Genoa,1,,Granite,1,,Cheeses,2,,Does Tilapia,1
Sterno,1,,Crab,1,,Air,2,,Sirloin Roast,1
Sides,1,,School,1,,Apples,2,,Cut Down,1
Savory,1,,Philippine,1,,Salads.json,2,,Pumpkin Spice,1
Processed,1,,Peppers,1,,Cheesy,2,,The Kinds,1
Cookout,1,,Home,1,,Refresh,2,,Should Horseradish,1
Frogs,1,,Room,1,,Preservatives.json,2,,Gourmet Coffee,1
Layered,1,,Dangerous,1,,Tapioca,2,,Quality of,1
Removing,1,,Big,1,,Layer,2,,Cake Recipes,1
Wrappings,1,,Fudge,1,,Pit,2,,Krups Proaroma,1
Air,1,,Down,1,,Seafood,2,,Sugar Free,1
Boiling,1,,Avocados,1,,Tri,2,,Homemade Chicken,1
Perfect,1,,Colonial,1,,Freezing,2,,Does Rain,1
If,1,,Tasting,1,,Plum,2,,Disney Aladdin,1
Bamboo,1,,Snack,1,,Spread,2,,Care of,1
Ghee,1,,Pizza,1,,Cookies,2,,Italian Lunch,1
Hopi,1,,Duck,1,,Coat,2,,Side Effects,1
Spirits,1,,Crustless,1,,Feed,2,,Charbroil H2O,1
Anodized,1,,Good,1,,Anchovies,2,,Quick Way,1
American,1,,Catering,1,,Mayonnaise,2,,Kind of,1
In,1,,Zucchini,1,,Understand,2,,Does Canned,1
Molten,1,,Which,1,,Yogurt,2,,Havarti vs,1
Interesting,1,,Birthday,1,,Neutralize,2,,Six Factors,1
Aperol,1,,Fry,1,,Jam,2,,Pop Tart,1
Fun,1,,Chow,1,,Jar,2,,Delicious Crustless,1
Masterbuilt,1,,Different,1,,Halal,2,,Bratwurst Spices.json,1
Solar,1,,Choy,1,,Ground,2,,Cheap Holiday,1
Banquet,1,,Lemonade,1,,Best,2,,Does Sambuca,1
Tools,1,,Tandoori,1,,Batter,2,,Fruit Fresh,1
Alfredo,1,,Egyptian,1,,Seal,2,,Hand Kneading,1
Whole,1,,Halogen,1,,Vanilla,2,,Mulled Cider,1
Layer,1,,Back,1,,Fried,2,,Red Snapper,1
Pig,1,,Kneading,1,,Pineapple,2,,Can Bananas,1
Beans,1,,if,1,,Baking,2,,Enchilada Tray,1
Cognac,1,,Juicy,1,,Nuts,2,,Cube Steak,1
Heating,1,,II,1,,Pumpkin,2,,Pecan Crusted,1
Pyrex,1,,Warming,1,,Cocktail,2,,Canned Tuna,1
New,1,,Quinoa,1,,To,2,,Caesar Salad,1
Choice,1,,Sausage,1,,Frost,2,,Halogen Oven,1
Meats,1,,Ropa,1,,Non,2,,Baked Pork,1
Cherry,1,,it,1,,Free,2,,Galangal Powder,1
Blackened,1,,Deep,1,,Lasagna,2,,The Cooking,1
Snot,1,,Churn,1,,Imitation,2,,Asian Spoon,1
Liquor,1,,Mac,1,,Christmas,2,,About Brands,1
Dry,1,,Steaks,1,,Yeast,2,,Kosher Non,1
Tri,1,,Robin,1,,Convection,2,,Sides That,1
Hors,1,,If,1,,Stew,2,,Kalamata Olive,1
Pistachio,1,,Styles,1,,Smoker,2,,A Brita,1
Build,1,,Bagel,1,,Purchase,2,,Does Caviar,1
Skillet,1,,Dips,1,,Pickled,2,,Stone Vs,1
Mashed,1,,Hops,1,,Pasta,2,,Decorative Pie,1
Roquefort,1,,Lovers,1,,Detect,2,,Making Black,1
Less,1,,Energy,1,,Bottle,2,,Omaha Steaks,1
Sawa,1,,Scallops,1,,Goat,2,,Cute Ways,1
Bok,1,,Cubes,1,,Dispose,2,,Cooking Games.json,1
Samurai,1,,Dairy,1,,Mushrooms,2,,McDonald s,1
Chunk,1,,Cod,1,,Flavor,2,,Common Juice,1
Lipton,1,,Supplies,1,,Write,2,,Where Can,1
Pressure,1,,Gluten,1,,Glass,2,,Drinks to,1
Slice,1,,Seared,1,,Coffee,2,,Detox Crockpot,1
Flavors,1,,Peanut,1,,Ricotta,2,,Baby Spinach,1
Hotel,1,,Brisket,1,,Raise,2,,Liquor vs,1
Fountain,1,,Melting,1,,Steamer,2,,Jell O,1
Canadian,1,,Advantages,1,,Drink,2,,Mexican Buffet,1
Maine,1,,Use,1,,Vacuum,2,,Menu Ideas,1
Identifying,1,,Sangria,1,,Goes,2,,Maryland Crab,1
Omega,1,,Puck,1,,Rock,2,,List Four,1
Spell,1,,Layer,1,,Love,2,,What Fruits,1
Linguica,1,,Gift,1,,Dark,2,,Red Thai,1
Northern,1,,Cognac,1,,Become,2,,Is Granite,1
Snacks,1,,Hacks,1,,Fall,2,,Candied Sweet,1
Sugar,1,,New,1,,Salvage,2,,Lobster Corn,1
Twice,1,,Graham,1,,List.json,2,,The Characteristics,1
Rival,1,,Groceries,1,,Donuts,2,,Food That,1
Bachelor,1,,Cherry,1,,Bag,2,,Cake Pops,1
Mulled,1,,Meats,1,,Method,2,,Brunch Theme,1
Leg,1,,Liquor,1,,Scotch,2,,Which Is,1
Lentil,1,,mores,1,,Glaze,2,,DIY Healthy,1
English,1,,Tomato,1,,Wrap,2,,Hawaiian Spices.json,1
Christian,1,,Essential,1,,Maker,2,,Eat More,1
Halal,1,,Freezing,1,,Gingerbread,2,,Office Coffee,1
Gourmet,1,,that,1,,Fast,2,,Cornstarch vs,1
Deli,1,,Porcelain,1,,Seasonings,2,,Safety Rules,1
Hibachi,1,,Brie,1,,Blue,2,,Microwave Popcorn,1
Krups,1,,Cookies,1,,Pickling,2,,Cake Ideas,1
Arrowroot,1,,Sort,1,,Thyme,2,,What Cheeses,1
Adobo,1,,Thai,1,,Farm,2,,Porcelain vs,1
Brazilian,1,,Barbecue,1,,Your,2,,Geographical Factors,1
Hispanic,1,,Marbled,1,,Dough,2,,Skillet Brookie,1
Cut,1,,Pomegranate,1,,Types,2,,Homemade Kale,1
Tamarind,1,,Muscadine,1,,Difference,2,,Munster vs,1
Weatherworks,1,,Butterscotch,1,,Color,2,,Infrared Turkey,1
Shrunken,1,,Peppermint,1,,Dried,2,,Brie Warming,1
Spice,1,,Tart,1,,Hand,2,,Soya Powder,1
Serve,1,,Daal,1,,Smoothie,2,,Medicinal Uses,1
Tefal,1,,Conversion,1,,Sterilize,2,,The Components,1
Pop,1,,Pressure,1,,Roll,2,,Ingredients to,1
Skirt,1,,Gumbo,1,,Brownies,2,,Pomegranate Gin,1
Soup,1,,Oil,1,,Revive,2,,Little Chief,1
Presto,1,,Shrink,1,,Kidney,2,,Spell Out,1
Brunch,1,,Value,1,,Pour,2,,Easy Soup,1
Tapas,1,,Ingredients.json,1,,Salad,2,,What Beer,1
London,1,,Fountain,1,,Fudge,2,,Pearl Onion,1
Sushi,1,,Coconut,1,,Arrange,2,,Homemade Deep,1
Tower,1,,best,1,,Pecan,2,,Hot Chocolate,1
Redi,1,,Clean,1,,Different,2,,Breville Rice,1
Office,1,,Information,1,,Onion,2,,Less Expensive,1
Carrot,1,,Butchering,1,,it,2,,Problems with,1
Kick,1,,Infused,1,,Descale,2,,Things That,1
Vanilla,1,,Rpm,1,,Melting,2,,Are Halogen,1
Cheddar,1,,Containing,1,,Steel,2,,Vegetarian Sweet,1
Frying,1,,Eyeball,1,,Spoiled,2,,Korean Herbs,1
Buckwheat,1,,Fashioned,1,,Finely,2,,The best,1
Microwave,1,,Waffle,1,,Wrappers,2,,Essential Knives,1
Brushing,1,,Proaroma,1,,Wines,2,,Healthy Breakfast,1
KFC,1,,Tub,1,,Dissolve,2,,Kick Ass,1
Listen,1,,High,1,,Muffin,2,,Hitachi Rice,1
Elements,1,,No,1,,Saut,2,,Homemade Almond,1
Experiments,1,,Neutralizes,1,,Banana,2,,What Food,1
Simple,1,,or,1,,Oil,2,,Hopi Indian,1
Fuji,1,,Poplite,1,,Grate,2,,Life is,1
Open,1,,Horseradish,1,,Save,2,,White Mountain,1
Valentine,1,,Brita,1,,Lamb,2,,Homemade Energy,1
Hawaiian,1,,Jam,1,,Clear,2,,The Avanti,1
Pineapple,1,,Reindeer,1,,Steak,2,,Signs That,1
Camping,1,,Sheet,1,,Devein,2,,What Finger,1
Chimay,1,,Delicious,1,,Gourmet,2,,Thanksgiving Leftovers,1
Curd,1,,Aluminum,1,,Sauces.json,2,,Ampia Pasta,1
Unicorn,1,,Must,1,,Meatballs.json,2,,Homemade Mango,1
Panna,1,,Salami,1,,re,2,,Which Potatoes,1
Philly,1,,Malt,1,,Raclette,2,,Egg Roll,1
Sanyo,1,,Pack,1,,Estimate,2,,Does Eggnog,1
Carbon,1,,Angus,1,,Dye,2,,Marshmallow Fudge,1
Tricks,1,,Picnic,1,,Display,2,,Stainless Steel,1
Master,1,,Commercially,1,,Process,2,,Kosher Pickle,1
Great,1,,18,1,,Metal,2,,Corned Beef,1
Draft,1,,Pinto,1,,Separate,2,,Red Robin,1
After,1,,Cider,1,,Combine,2,,The Four,1
Growing,1,,Keg,1,,Time,2,,Typical Italian,1
Learn,1,,Serve,1,,What,2,,Making Spaghetti,1
Ampia,1,,Saltwater,1,,Eating,2,,What Did,1
Other,1,,Covered,1,,Fondue,2,,Leg of,1
Pumpkin,1,,Pop,1,,Calories,2,,Common Foods,1
Companies,1,,Matic,1,,Every,2,,Easy Family,1
Soothing,1,,Cotta,1,,Bone,2,,Pomegranate Champagne,1
Alcohol,1,,ARE,1,,Ginger,2,,Dehydrator Jerky,1
Bitter,1,,Panko,1,,Asian,2,,Butter Nut,1
Butterfinger,1,,Volume,1,,Reheating,2,,Can Meatloaf,1
Defrosting,1,,Spoon,1,,Caffeine,2,,Brewing Temperatures,1
Benefits,1,,Wheat,1,,Adjust,2,,Can One,1
Seasonal,1,,Mix,1,,Honey,2,,What Wine,1
Lemon,1,,Crumb,1,,Package,2,,Advantages and,1
Cocoa,1,,22,1,,German,2,,Summer on,1
Pecorino,1,,Carrot,1,,Shredded,2,,The Purpose,1
Havarti,1,,Processor,1,,Kill,2,,Dry Red,1
Native,1,,Brookie,1,,Inject,2,,How is,1
Potato,1,,Vanilla,1,,Table,2,,One Bowl,1
Last,1,,Stuffing,1,,Tap,2,,These Salads,1
Bananas,1,,Weeknight,1,,Affect,2,,Which Vegetables,1
Negative,1,,Drinkware,1,,Taco,2,,Drinking Straw,1
Beverage,1,,Clad,1,,Pans,2,,Water Soluble,1
Significance,1,,long,1,,Nachos,2,,George Foreman,1
Thin,1,,Caprese,1,,Uses,2,,Restaurants Similar,1
Marshmallow,1,,Cauliflower,1,,Bean,2,,Different Styles,1
Ultimate,1,,Fish,1,,Maple,2,,How Would,1
Bronze,1,,Pineapple,1,,Chops,2,,DIY Gift,1
Grill,1,,Ass,1,,Cheesecake,1,,Tecate Beer,1
Soya,1,,Albacore,1,,Noodle,1,,Cheddar Bacon,1
Sizzling,1,,Jerky,1,,Poundcake,1,,Can Tuna,1
Kid,1,,Sambuca,1,,Rules.json,1,,Make P,1
Crockpot,1,,Ice,1,,Raw,1,,Minty Chicken,1
Suggestions,1,,Fryer,1,,Sweeten,1,,Single Malt,1
Utensils,1,,Meringue,1,,Emulsify,1,,Easy Ways,1
Individual,1,,Leftovers,1,,Mild,1,,Will Beer,1
Texas,1,,Traditional,1,,Leach,1,,Old Cookie,1
Gas,1,,Mermaid,1,,Past,1,,About Fresh,1
Class,1,,Salty,1,,Greatest,1,,Symptoms of,1
Hartstone,1,,but,1,,Uneven,1,,Snot Fondue,1
Corned,1,,Tongue,1,,Squeeze,1,,About Traditional,1
Capon,1,,Nuts,1,,Pare,1,,Seasoning to,1
Guidelines,1,,Shellfish,1,,Desserts.json,1,,Tapas Party,1
Rethink,1,,Pheasant,1,,Things,1,,Electric Grill,1
Jasmine,1,,Cocktail,1,,Sauerkraut.json,1,,Vegan Ice,1
Quality,1,,Process,1,,Bratwurst,1,,Layered Jell,1
Bourbon,1,,Seasonal,1,,Activate,1,,Description of,1
Stainless,1,,Benefits,1,,Alcoholic,1,,Sawa Cookie,1
Grey,1,,Syrup,1,,Pinwheel,1,,Homemade Low,1
Chili,1,,Lemon,1,,Bovril,1,,Is the,1
Eating,1,,Poupon,1,,Bruschetta.json,1,,Cajun Spice,1
Circulon,1,,Bananas,1,,F,1,,These Seasonings,1
Pulled,1,,First,1,,Paraffin,1,,Beef Liver,1
Kalamata,1,,Themed,1,,O,1,,Easy Gluten,1
Mom,1,,Saffron,1,,Bakeware,1,,Australian Rock,1
We,1,,Mold,1,,Mini,1,,About Budweiser,1
Wolfgang,1,,Ultimate,1,,Boost,1,,Prom Food,1
Every,1,,Clay,1,,Inspired,1,,Fruits Similar,1
Sorry,1,,Silicone,1,,Bruschetta,1,,Brined Turkey,1
Green,1,,Crockpot,1,,Rehydrate,1,,Colombian Spices.json,1
Yummy,1,,Cane,1,,Dirty,1,,Can Baked,1
Secrets,1,,Chemicals,1,,Lightly,1,,The Disadvantages,1
Aromat,1,,Common,1,,Center,1,,For How,1
Awesome,1,,Suggestions,1,,Disinfect,1,,Butts with,1
Dessert,1,,Broccoli,1,,Trim,1,,Pyrex Digital,1
Orange,1,,Kitchen,1,,Supper,1,,Arrowroot Vs,1
Asian,1,,Cordon,1,,Phytoplankton.json,1,,Making Chicken,1
Reheating,1,,Calamari,1,,Manioc,1,,Tiger Prawns,1
Importance,1,,Corned,1,,Gnocchi,1,,Cherry Spices.json,1
Components,1,,Prime,1,,DIY,1,,Everything but,1
Lose,1,,Was,1,,Popcorn.json,1,,White Vs,1
Cheeseburger,1,,Dumplings,1,,Bran,1,,What if,1
Bloody,1,,Tests,1,,Apply,1,,Homemade Pizza,1
Cornstarch,1,,Places,1,,Sliders.json,1,,Chocolate Hazelnut,1
Chile,1,,Straw,1,,Tails.json,1,,Tamarind Nectar,1
Sauteing,1,,Roasted,1,,Jewish,1,,Easy Finger,1
Bouillon,1,,Food.json,1,,Stovetop,1,,Experiments With,1
Recommended,1,,Apricots,1,,Test,1,,Meat Parts,1
Boneless,1,,Toast,1,,Fryers.json,1,,Cinnamon Toast,1
Seven,1,,Mountain,1,,Cajun,1,,What Chemicals,1
Care,1,,Shopping,1,,Pluck,1,,Use This,1
Grilling,1,,Plank,1,,oeuvres,1,,Where Should,1
Cranberry,1,,Stainless,1,,Turtle,1,,The Viking,1
Twix,1,,Mary,1,,McMuffins,1,,Spices That,1
Malted,1,,Chili,1,,Oatmeal,1,,Turkey Roaster,1
Animal,1,,Tiramisu,1,,Tasso,1,,Black Decker,1
Eat,1,,Edible,1,,About,1,,Should I,1
Recipes,1,,Late,1,,Almond,1,,Fresh Pressed,1
Condiments,1,,Wood,1,,State,1,,Seasoning for,1
Remoulade,1,,Redskins,1,,Depressurize,1,,Adobo Sauce,1
Hospitality,1,,Purpose,1,,Macaroni,1,,Identifying Types,1
FDA,1,,Games.json,1,,Bottom,1,,Boysenberry Jam,1
Help,1,,Fondue,1,,Smoking,1,,Maine Vs,1
Description,1,,Dipping,1,,Directions,1,,Beet Sugar,1
Traeger,1,,Decker,1,,El,1,,Essential Home,1
Desserts,1,,Palatability,1,,Inexpensive,1,,Sparkling Strawberry,1
Coffee,1,,Pound,1,,Pistachios.json,1,,Festive Food,1
Swiss,1,,Praline,1,,Sole,1,,Homemade Graham,1
Absolute,1,,Sliced,1,,Present,1,,Is Raw,1
Whey,1,,Brands,1,,Pomme,1,,S mores,1
Minute,1,,Budweiser,1,,Udon,1,,Cognac Substitutes,1
Kluski,1,,Butternut,1,,Tailgating,1,,Does a,1
Peruvian,1,,Spritz,1,,Barbeque,1,,Hog Head,1
Witch,1,,Cayenne,1,,Greaseproof,1,,Homemade Butterscotch,1
Worms,1,,Greek,1,,Mein,1,,Mini Boston,1
Poppy,1,,Green,1,,Indian,1,,DIY Festive,1
Roshco,1,,Bars,1,,Reconstitute,1,,Guidelines For,1
Preservatives,1,,Pickle,1,,Hold,1,, Pumpkin,1
Korean,1,,Behind,1,,Caesar,1,,What Peppers,1
Geographical,1,,Shark,1,,Crushed,1,,In Which,1
Pesto,1,,Check,1,,Made,1,,Meat Cuts,1
Cons,1,,Thanksgiving,1,,Magnalite,1,,Popular 18,1
Australian,1,,Ziploc,1,,Blueberry,1,,Cooking With,1
Palm,1,,Components,1,,Braid,1,,DIY Cupid,1
Chafing,1,,Gummy,1,,Sipping,1,,Hors D,1
Family,1,,Snapper,1,,Stuff,1,,Hamburger Helper,1
Butts,1,,Salads,1,,Busch,1,,Good Ways,1
Aged,1,,Boston,1,,Crunch,1,,Homemade Vegetable,1
Halloween,1,,Buffet,1,,Yourself,1,,The Danger,1
Curry,1,,Cold,1,,Gut,1,,Homemade Shrink,1
Appetizer,1,,Cole,1,,Wilton,1,,Does Olive,1
Summer,1,,Hazelnut,1,,Boiling,1,,Creamy Mashed,1
Drink,1,,House,1,,Just,1,,Breakfast Ideas,1
Keeping,1,,Maracas,1,,Mounting,1,,Cheeseburger Dip,1
Candied,1,,Seven,1,,Colors,1,,Smoked Pheasant,1
Kind,1,,Flavor,1,,Too,1,,This Seasonal,1
Spanish,1,,Cycle,1,,Cereal,1,,F R,1
Addictive,1,,Treat,1,,Torte,1,,Healthy Quinoa,1
Prom,1,,Cranberry,1,,Cooking.json,1,,Fastest Food,1
Foolproof,1,,Fruitcake.json,1,,If,1,,Health Risks,1
Drinking,1,,Snowball,1,,Rinse,1,,Sorry You,1
Hazards,1,,Idea,1,,American,1,,Brushing Egg,1
Rockfish,1,,Alkaline,1,,Bend,1,,Interesting Facts,1
Licorice,1,,Parsley,1,,Refry,1,,Can Coffee,1
Matcha,1,,Cucumber,1,,Fenugreek.json,1,,Spiral Sliced,1
Vodka,1,,Hygiene,1,,Squash,1,,Russian Foods,1
Preserving,1,,Starbucks,1,,Prosciutto.json,1,,Delicious Meatloaf,1
Teriyaki,1,,Description,1,,Cod,1,,Keeping Velveeta,1
Theatre,1,,Cook,1,,Pasteurize,1,,Spanish Snacks,1
Fajita,1,,Desserts,1,,Gelatin.json,1,,Indian Staple,1
Steps,1,,Stir,1,,Brie.json,1,,Skirt Steak,1
Timetable,1,,Helper,1,,Sofrito.json,1,,Cooking Conversion,1
Temperature,1,,Names,1,,Pig,1,,Good Side,1
Enchilada,1,,More,1,,Wrap.json,1,,No Churn,1
Neolithic,1,,Minute,1,,Certo,1,,Can White,1
Risks,1,,Mizithra,1,,VSOP,1,,Circulon Vs,1
Disadvantages,1,,Worms,1,,Langostino,1,,Homemade Ham,1
Storing,1,,Rump,1,,Russians,1,,Different Uses,1
Danger,1,,Hack,1,,New,1,,Do it,1
Decorative,1,,Prawns,1,,Choice,1,,Good Dips,1
Maple,1,,Bowls,1,,Puff,1,,No Cook,1
Breville,1,,Found,1,,Palomino,1,,A Typical,1
Brined,1,,Nut,1,,Bites,1,,Foods High,1
Fruit,1,,Ricotta,1,,Tomato,1,,The Easy,1
Egg,1,,Pesto,1,,Bags,1,,Dehydrator Instructions.json,1
Bearnaise,1,,Tray,1,,Ramen,1,,Is Butternut,1
Only,1,,Characteristics,1,,Factor,1,,Hoisin Vs,1
Tender,1,,Chafing,1,,Mashed,1,,Is Saffron,1
Blooming,1,,Family,1,,Thai,1,,Creative Ideas,1
Medicinal,1,,Instructions.json,1,,Liqueur.json,1,,Which Desserts,1
,,,Chinese,1,,Broccoli.json,1,,After Pork,1
,,,Sourdough,1,,Pomegranate,1,,Are Cherries,1
,,,Tips,1,,Types.json,1,,Peach Sangria,1
,,,Curry,1,,Antipasto,1,,Chicken Wing,1
,,,Tap,1,,Lo,1,,Thanksgiving Must,1
,,,Beautiful,1,,Salmon,1,,Black Cod,1
,,,Brief,1,,Plump,1,,Easy Caprese,1
,,,Keeping,1,,Catching,1,,Mississippi Pot,1
,,,Rain,1,,Jalapeno,1,,Seven Layer,1
,,,Spanish,1,,Beets,1,,Recipes Using,1
,,,Taco,1,,Secret,1,,Italian Cuisine,1
,,,Rock,1,,Skid,1,,Does Kale,1
,,,Months,1,,Quiche.json,1,,Fish Fry,1
,,,Why,1,,Recycle,1,,Convection Vs,1
,,,Sequence,1,,Skin,1,,Substitution for,1
,,,Theanine,1,,Skim,1,,Famous Black,1
,,,Gin,1,,Soup.json,1,,Meals in,1
,,,Thick,1,,Steaks.json,1,,Easy Classic,1
,,,Preserving,1,,Plantains.json,1,,Cream vs,1
,,,Fall,1,,Butterfly,1,,Capon Cooking,1
,,,Methods,1,,Absorb,1,,Good Seasonings,1
,,,Favorite,1,,Cilantro.json,1,,Non Dairy,1
,,,Temperature,1,,Almonds.json,1,,Cheese Freezing,1
,,,Chief,1,,Coca,1,,Chicken Broccoli,1
,,,Almonds,1,,Omega,1,,Beverage Fountain,1
,,,York,1,,Apples.json,1,,Easiest Healthy,1
,,,Chef,1,,Calamari.json,1,,Catering Tools,1
,,,Croissant,1,,Crimini,1,,Classic Turkey,1
,,,Appetizers,1,,Eliminate,1,,Diet of,1
,,,Shortening,1,,Hiccups,1,,Disadvantages of,1
,,,Mango,1,,Cuban,1,,English Treats,1
,,,Digital,1,,Safety,1,,Making Keeping,1
,,,Atomic,1,,France,1,,Candy Cane,1
,,,Beavers,1,,Dress,1,,Redi Check,1
,,,Risks,1,,Blacken,1,,Malted Milk,1
,,,Typical,1,,Sheaves,1,,Herbs and,1
,,,Lobsters,1,,Lentil,1,,Cow Tongue,1
,,,Disadvantages,1,,English,1,,Omaha Steak,1
,,,Danger,1,,Mail,1,,Seafood Lovers,1
,,,Juices,1,,Alkalized,1,,Healthy Seed,1
,,,Staple,1,,Crumble,1,,Welcome to,1
,,,Pokemon,1,,Deli,1,,Tri Tip,1
,,,Probiotic,1,,Ball,1,,Removing the,1
,,,Flower,1,,Laden,1,,Are Beavers,1
,,,Egg,1,,Aluminum,1,,Does Chow,1
,,,Fig,1,,Breasts,1,,Six Types,1
,,,Trick,1,,Mortadella,1,,Is Rump,1
,,,Shells,1,,Consumes,1,,Sterno Chafing,1
,,,Chickpea,1,,Blanche,1,,Which Fruits,1
,,,Popped,1,,Repair,1,,Which Apples,1
,,,From,1,,Hispanic,1,,Baked Panko,1
,,,Sandwich,1,,Topped,1,,Easy Crock,1
,,,Extra,1,,Herbs,1,,Master These,1
,,,Raspberry,1,,Longhorn,1,,Chicken Stir,1
,,,Altitude,1,,Molasses,1,,Broccoli and,1
,,,,,,Techniques,1,,Which Wood,1
,,,,,,Tamarind,1,,Easy Appetizer,1
,,,,,,Instant,1,,Turkey Stuffing,1
,,,,,,Pinto,1,,Curry Dipping,1
,,,,,,Creme,1,,Homemade Chickpea,1
,,,,,,Drain,1,,Three Ways,1
,,,,,,pack,1,,Coconut Cream,1
,,,,,,Bahamian,1,,Popular Snack,1
,,,,,,Handle,1,,Does Chinese,1
,,,,,,Covered,1,,Can Frozen,1
,,,,,,Marshmallows,1,,Growing Hops,1
,,,,,,Fettuccine,1,,This Pineapple,1
,,,,,,Equipment.json,1,,What Nuts,1
,,,,,,Art,1,,Italian Meringue,1
,,,,,,Deconstructed,1,,Fresh Parsley,1
,,,,,,Qt,1,,Salads That,1
,,,,,,Stuffing,1,,Cookout Food,1
,,,,,,Would,1,,Minute Rice,1
,,,,,,Emulsifiers.json,1,,Traditional Irish,1
,,,,,,Starter,1,,Can Commercially,1
,,,,,,Pulp,1,,This Tandoori,1
,,,,,,Royal,1,,Fuji Apples,1
,,,,,,are,1,,An Alternative,1
,,,,,,Fish,1,,The Use,1
,,,,,,Glazed,1,,Temperature for,1
,,,,,,Affecting,1,,Tricks for,1
,,,,,,Macerate,1,,Timetable for,1
,,,,,,Stay,1,,Chocolate Covered,1
,,,,,,Simmer,1,,Sweet Salty,1
,,,,,,Rub,1,,Meals for,1
,,,,,,Butter.json,1,,Processed Cheese,1
,,,,,,Really,1,,Lemon Juice,1
,,,,,,Kimchi,1,,Best Finger,1
,,,,,,Oysters.json,1,,Pork Rib,1
,,,,,,Crabs,1,,Beer Keg,1
,,,,,,Glazes,1,,Butter Substitute,1
,,,,,,Figure,1,,Beans Vs,1
,,,,,,Leftovers,1,,Tower Pressure,1
,,,,,,Crisp,1,,Absolute Best,1
,,,,,,Collagen,1,,Molten Chocolate,1
,,,,,,Fire,1,,Grocery Shopping,1
,,,,,,Lentils.json,1,,Genoa Salami,1
,,,,,,Mince,1,,Worms Found,1
,,,,,,Passed,1,,Pork Tenderloin,1
,,,,,,BEACH,1,,Beef Rib,1
,,,,,,Methods.json,1,,Significance Behind,1
,,,,,,Bleu,1,,Baked Cranberry,1
,,,,,,Countries,1,,German Chocolate,1
,,,,,,Grown,1,,Foods for,1
,,,,,,Strips.json,1,,Cold Pack,1
,,,,,,Tailgating.json,1,,Pork Shoulder,1
,,,,,,Alcohol,1,,Pecorino Romano,1
,,,,,,Pro,1,,Homemade Frozen,1
,,,,,,Dulse,1,,Bread Crumb,1
,,,,,,Install,1,,White Rice,1
,,,,,,Harden,1,,Delicious Marbled,1
,,,,,,Plates,1,,Specifications for,1
,,,,,,Fancy,1,,Slice and,1
,,,,,,Bring,1,,Rice Cooker,1
,,,,,,Smoothies,1,,Hibachi Flavoring.json,1
,,,,,,Tilapia,1,,Are Wonton,1
,,,,,,Involved,1,,Healthy Snacks,1
,,,,,,Sorghum.json,1,,Cranberry Drinks,1
,,,,,,Cannelloni,1,,Twix Candy,1
,,,,,,Not,1,,Canadian Bacon,1
,,,,,,Score,1,,Where did,1
,,,,,,Capri,1,,Ancient Grain,1
,,,,,,Decrease,1,,Frying Calamari,1
,,,,,,Long,1,,Procedure for,1
,,,,,,Tater,1,,Homemade Lobster,1
,,,,,,Up,1,,Why Pistachios,1
,,,,,,Judge,1,,Broccoli Cheese,1
,,,,,,Linguine,1,,Making New,1
,,,,,,Sesame,1,,Can a,1
,,,,,,Crisping,1,,German Finger,1
,,,,,,Remold,1,,Westinghouse Roaster,1
,,,,,,Starch.json,1,,Family Favorite,1
,,,,,,Roaster,1,,Cheap Healthy,1
,,,,,,Pods,1,,Quick Weeknight,1
,,,,,,Leave,1,,Hitachi Bread,1
,,,,,,NAFTA,1,,Utensils Used,1
,,,,,,Ganache,1,,Are Sweet,1
,,,,,,Places,1,,Buffet Dinner,1
,,,,,,Safely,1,,Peruvian Breakfast,1
,,,,,,Disconnect,1,,Set Up,1
,,,,,,Substitutions,1,,Fresh Turkey,1
,,,,,,Flake,1,,How long,1
,,,,,,Julienne,1,,Sweet Idea,1
,,,,,,Stainless,1,,Rainbow Grilled,1
,,,,,,Tartar,1,,Candy Floss,1
,,,,,,Wood,1,,Sandwich Side,1
,,,,,,Kalamata,1,,Baking Mix,1
,,,,,,Reuse,1,,Banquet Menu,1
,,,,,,Condensed,1,,Common Food,1
,,,,,,Agricultural,1,,African Party,1
,,,,,,Olives,1,,Does Salt,1
,,,,,,Characteristics.json,1,,French Onion,1
,,,,,,way,1,,Bachelor Party,1
,,,,,,Poultry.json,1,,Rethink Your,1
,,,,,,Jim,1,,Baked Brie,1
,,,,,,Frittata,1,,Add This,1
,,,,,,Detox,1,,These ARE,1
,,,,,,Rennet,1,,Kitchen Tools,1
,,,,,,Wooden,1,,Whole Wheat,1
,,,,,,Buttercream,1,,Menu Tests,1
,,,,,,Stroganoff.json,1,,Traeger Cold,1
,,,,,,Filter,1,,Add Apricots,1
,,,,,,Alert,1,,A Description,1
,,,,,,ALLE,1,,Homemade Mac,1
,,,,,,Unleavened,1,,Banana Cream,1
,,,,,,Glutamine,1,,DIY Red,1
,,,,,,Tapas.json,1,,Does Seven,1
,,,,,,Quiche,1,,Animal Shaped,1
,,,,,,Word,1,,Air Popped,1
,,,,,,Come,1,,Mirro Matic,1
,,,,,,Glutinous,1,,Chile Relleno,1
,,,,,,Veggies,1,,About Honey,1
,,,,,,Thinny,1,,Reheating Eye,1
,,,,,,Uses.json,1,,Last Minute,1
,,,,,,Break,1,,Do Atomic,1
,,,,,,Lose,1,,Easy Eggnog,1
,,,,,,Fleur,1,,Which Saltwater,1
,,,,,,Chloroplasts,1,,Homemade Carrot,1
,,,,,,Tomatoes.json,1,,Desserts That,1
,,,,,,Work,1,,Russet Vs,1
,,,,,,Fail,1,,What Was,1
,,,,,,Flame,1,,The Healthiest,1
,,,,,,Varieties.json,1,,Add Flavor,1
,,,,,,Andouille,1,,Old Fashioned,1
,,,,,,Carry,1,,Spicy Juicy,1
,,,,,,Sorghum,1,,Listen You,1
,,,,,,Harmful,1,,Cooking Equations,1
,,,,,,Gulf,1,,Fish Cooking,1
,,,,,,Dealcoholize,1,,Herbs to,1
,,,,,,Mash,1,,Fajita Bar,1
,,,,,,Commonly,1,,Classic Homemade,1
,,,,,,Liquify,1,,The Different,1
,,,,,,Juice.json,1,,Delicious French,1
,,,,,,Drop,1,,Can Amaretto,1
,,,,,,Lox,1,,The Cuts,1
,,,,,,Mason,1,,Sanyo Rice,1
,,,,,,Low,1,,Peach and,1
,,,,,,Idea,1,,Velveeta Shells,1
,,,,,,Life,1,,Mirro 22,1
,,,,,,Fireballs,1,,Foods of,1
,,,,,,Himalayan,1,,Easy One,1
,,,,,,grill,1,,The Advantages,1
,,,,,,Refreezing.json,1,,Corn Late,1
,,,,,,Shape,1,,These Cucumber,1
,,,,,,Help,1,,Regal Cordon,1
,,,,,,Thinly,1,,Breakfast Treats,1
,,,,,,Ketose,1,,Thawing Out,1
,,,,,,Wet,1,,Cheesy Barbecue,1
,,,,,,Gooey,1,,Fruits to,1
,,,,,,Scoring,1,,Foods Containing,1
,,,,,,Cheesecakes,1,,Easy Meals,1
,,,,,,Swiss,1,,Pan Seared,1
,,,,,,Formaldehyde,1,,Preservatives in,1
,,,,,,Fake,1,,Suggestions for,1
,,,,,,Minute,1,,Sushi Bowls,1
,,,,,,Without,1,,What Chocolate,1
,,,,,,Carob,1,,What Months,1
,,,,,,Challah,1,,Camping Food,1
,,,,,,Movie,1,,Frogs in,1
,,,,,,Rump,1,,Brisket vs,1
,,,,,,Accompaniments,1,,Most Expensive,1
,,,,,,Nut,1,,Fountain of,1
,,,,,,Found,1,,African Food,1
,,,,,,Pesto,1,,Cooking Prime,1
,,,,,,Lumpia,1,,Aromat Ingredients.json,1
,,,,,,Cons,1,,Bread Machine,1
,,,,,,Honeycrisp,1,,Bronze Cooking,1
,,,,,,Type,1,,Cooking Temperatures,1
,,,,,,Aged,1,,Is Theanine,1
,,,,,,Clams,1,,Italian Clay,1
,,,,,,Day,1,,The Ultimate,1
,,,,,,Charcoal,1,,Addictive Homemade,1
,,,,,,Curry,1,,Eating Clean,1
,,,,,,tell,1,,Non Alcoholic,1
,,,,,,Keeping,1,,Butterfinger Candy,1
,,,,,,Precooked,1,,What Temperature,1
,,,,,,Shallots,1,,Baked Roasted,1
,,,,,,Core,1,,Easy Luncheon,1
,,,,,,Youth,1,,Spicy Tuna,1
,,,,,,Grade,1,,Bitter Lemon,1
,,,,,,Matcha,1,,Black Tap,1
,,,,,,Produces,1,,Dangers With,1
,,,,,,Flat,1,,Is Tilapia,1
,,,,,,Taro.json,1,,Sweet Vs,1
,,,,,,Gratin,1,,Soothing Elixir,1
,,,,,,Bedtime,1,,Raw Honey,1
,,,,,,Porras,1,,Easiest Croissant,1
,,,,,,Thumbprint,1,,Salad Bar,1
,,,,,,Bundles.json,1,,Sweet Potato,1
,,,,,,Snap,1,,Crockpot Chicken,1
,,,,,,Blow,1,,Tatung Rice,1
,,,,,,Virgin,1,,About Chestnuts.json,1
,,,,,,Pome,1,,Regal Kitchen,1
,,,,,,Zested,1,,What Liquor,1
,,,,,,Wilt,1,,Pig Shaped,1
,,,,,,Wonton,1,,Snacks That,1
,,,,,,Flash,1,,Homemade Lemonade,1
,,,,,,Rusk,1,,Super Easy,1
,,,,,,Healthy,1,,Homemade Fruitcake.json,1
,,,,,,Decorative,1,,Hispanic Fruit,1
,,,,,,Degrease,1,,Smoothie Recipe,1
,,,,,,Bad,1,,Foods From,1
,,,,,,Famous,1,,Can Cooked,1
,,,,,,Electric,1,,Easy Instant,1
,,,,,,Only,1,,Easy Fruit,1
,,,,,,Lunchbox,1,,Kid s,1
,,,,,,Bai,1,,Companies That,1
,,,,,,Tender,1,,Cold Appetizer,1
,,,,,,Mayo,1,,An Almond,1
,,,,,,Sandwich,1,,Vegan Cream,1
,,,,,,Moist,1,,Advantages of,1
,,,,,,Jelly,1,,Coffee Hack,1
,,,,,,Truffles,1,,Cookie Dough,1
,,,,,,Polenta,1,,Sweet Corn,1
,,,,,,Heart,1,,Popular French,1
,,,,,,Temperatures.json,1,,Pulled Pork,1
,,,,,,Pepper,1,,Canning Preserving,1
,,,,,,Recarbonate,1,,Halloween Treat,1
,,,,,,Size,1,,Homemade Mozzarella,1
,,,,,,Insert,1,,Blooming Flower,1
,,,,,,Correctly,1,,Colombian Spices,1
,,,,,,Swedish,1,,London Broil,1
,,,,,,Ranch,1,,Chimay Hot,1
,,,,,,Purge,1,,The Process,1
,,,,,,Straighten,1,,DIY Champagne,1
,,,,,,Hog,1,,Use Beautiful,1
,,,,,,Motor,1,,Roasting Beef,1
,,,,,,Konjac,1,,Tips to,1
,,,,,,Saving,1,,Cooking Kale,1
,,,,,,Teflon.json,1,,Does Sweet,1
,,,,,,Pairs,1,,Good Places,1
,,,,,,Copycat,1,,Rotel Chicken,1
,,,,,,Line,1,,Turmeric Weight,1
,,,,,,Mississippi,1,,Homemade Hot,1
,,,,,,Temperature.json,1,,Make Peanut,1
,,,,,,Cupcakes,1,,Drinks That,1
,,,,,,Maryland,1,,Chocolate Sheet,1
,,,,,,Shellfish.json,1,,Rival Roaster,1
,,,,,,Hydrate,1,,Fish Similar,1
,,,,,,be,1,,Which Country,1
,,,,,,Vieja,1,,Tender Cooker,1
,,,,,,Sew,1,,Baking Homemade,1
,,,,,,Crispen,1,,Super Bowl,1
,,,,,,Expeller,1,,Pezzetti Coffee,1
,,,,,,Slaw,1,,Cuban Sandwich,1
,,,,,,Refinish,1,,Aperol Spritz,1
,,,,,,Neck,1,,Canning Cherry,1
,,,,,,Hoisin,1,,Cowboy Themed,1
,,,,,,Orzo,1,,Meatloaf Cooking,1
,,,,,,Hams,1,,Does Coconut,1
,,,,,,Pico,1,,Problems With,1
,,,,,,Pick,1,,Why Did,1
,,,,,,Accent,1,,Winter Substitute,1
,,,,,,Tilapia.json,1,,Color of,1
,,,,,,Correct,1,,Best Foods,1
,,,,,,Half,1,,Easy Mozzarella,1
,,,,,,Featuring,1,,Broccoli Cheddar,1
,,,,,,Tchoupitoulas,1,,A Good,1
,,,,,,Holiday,1,,Panna Cotta,1
,,,,,,Better,1,,What Rpm,1
,,,,,,Won,1,,The Palatability,1
,,,,,,Cheese.json,1,,The Cooked,1
,,,,,,Halva,1,,Thawing Lobster,1
,,,,,,Decipher,1,,Weatherworks Roaster,1
,,,,,,Jalapeno.json,1,,Sweet Recipe,1
,,,,,,Lasagna.json,1,,Alfredo Spices.json,1
,,,,,,Stone,1,,Does Altitude,1
,,,,,,Insulate,1,,What Beans,1
,,,,,,Gouda.json,1,,Black Eyed,1
,,,,,,Asafetida,1,,Sauces for,1
,,,,,,Deggi,1,,Porcelain Vs,1
,,,,,,Acorn,1,,Are Crock,1
,,,,,,Weight,1,,Distilled Water,1
,,,,,,Remedy,1,,Pineapple Plank,1
,,,,,,Sizes,1,,The Parts,1
,,,,,,Frosting,1,,Witch s,1
,,,,,,Spoilage,1,,Wolfgang Puck,1
,,,,,,Miller,1,,Light Finger,1
,,,,,,Dinners,1,,Spaghetti Sauce,1
,,,,,,Pots.json,1,,Anodized Vs,1
,,,,,,Glasses,1,,Flourless Black,1
,,,,,,Sunflower,1,,Recommended Thickness,1
,,,,,,Haddock.json,1,,Whey Low,1
,,,,,,Cavatelli,1,,Turkey Fryer,1
,,,,,,Seeds,1,,Cocoa Powder,1
,,,,,,Cantaloupe.json,1,,Buckwheat vs,1
,,,,,,Cioppino,1,,Matcha Mermaid,1
,,,,,,Ribs,1,,Problems Melting,1
,,,,,,Processing,1,,Defrosting a,1
,,,,,,Commercially.json,1,,This Pumpkin,1
,,,,,,Puree,1,,Appetizers That,1
,,,,,,Rainbow,1,,Appetizers in,1
,,,,,,Steakhouse,1,,Refined Sugar,1
,,,,,,Distilled,1,,Is Cayenne,1
,,,,,,Kobe,1,,Vegetarian Taco,1
,,,,,,Rodizio,1,,Ancient Egyptian,1
,,,,,,Goose,1,,Baking Instructions,1
,,,,,,Pasteurized,1,,Sandwich Bar,1
,,,,,,Reconstituted,1,,Homemade Baking,1
,,,,,,Shiitake,1,,Quick Easy,1
,,,,,,Haddock,1,,The Alternatives,1
,,,,,,Sprats,1,,Traditional Italian,1
,,,,,,Fave,1,,Potluck Luncheon,1
,,,,,,Sirloin,1,,Dinner Menu,1
,,,,,,Swiss.json,1,,Pistachio Crusted,1
,,,,,,Colored,1,,Serve a,1
,,,,,,Grana,1,,Traditional Rastafarian,1
,,,,,,Stud,1,,Teriyaki Sauces,1
,,,,,,Duck,1,,Artichoke Dip,1
,,,,,,Shave,1,,Qualities of,1
,,,,,,Pirate,1,,Breakfast Menu,1
,,,,,,Chicken.json,1,,Heating Foods,1
,,,,,,Import,1,,Appetizer Ideas,1
,,,,,,Spot,1,,Homemade Chocolate,1
,,,,,,Poultry,1,,Dessert Grilled,1
,,,,,,Garbanzo,1,,Foolproof Recipe,1
,,,,,,Glucose,1,,Red Currant,1
,,,,,,Eggs,1,,Danger of,1
,,,,,,Muslim,1,,Brie Vs,1
,,,,,,Pimento,1,,Bok Choy,1
,,,,,,Shucked,1,,Cooking Methods,1
,,,,,,Juicy,1,,Side Items,1
,,,,,,Ever,1,,Olive vs,1
,,,,,,Processed,1,,Buffalo Cauliflower,1
,,,,,,Quinoa,1,,Seasoning a,1
,,,,,,Peas,1,,Texas Brisket,1
,,,,,,Don,1,,Samurai Shark,1
,,,,,,fry,1,,Quickest Way,1
,,,,,,Japanese,1,,Three Mashed,1
,,,,,,Perfect,1,,Donut Hole,1
,,,,,,Olive,1,,Irish Foods,1
,,,,,,Yellow,1,,Bourbon Hot,1
,,,,,,Cottage,1,,Which Meats,1
,,,,,,Alternative.json,1,,Sizzling Rice,1
,,,,,,Linzer,1,,Presto Poplite,1
,,,,,,Crust,1,,Swedish Breakfast,1
,,,,,,Bucatini,1,,Tools to,1
,,,,,,Practice,1,,Brisket Cooking,1
,,,,,,Rose,1,,About Hygiene,1
,,,,,,Souse,1,,Vodka Infused,1
,,,,,,Dairy,1,,Welcome Fall,1
,,,,,,Cured,1,,Northern Beans,1
,,,,,,Thirsty,1,,Cheese Potato,1
,,,,,,Improve,1,,Common Fish,1
,,,,,,Buttermilk,1,,Draft Beer,1
,,,,,,Tuscan,1,,Common Philippine,1
,,,,,,Stages,1,,Naturally Blue,1
,,,,,,Tools,1,,Composition of,1
,,,,,,Whole,1,,Soup Salad,1
,,,,,,Becherovka.json,1,,Oster Instant,1
,,,,,,Multiclad,1,,Wild Edible,1
,,,,,,Smoothies.json,1,,Hartstone Mold,1
,,,,,,Degas,1,,Components of,1
,,,,,,Turmeric.json,1,,These Breakfast,1
,,,,,,Kusa,1,,Swiss Chocolate,1
,,,,,,Pyrex,1,,Why Add,1
,,,,,,Products,1,,Tailgating First,1
,,,,,,Perform,1,,Fried Wonton,1
,,,,,,Frosted,1,,Can Spaghetti,1
,,,,,,Skillet,1,,Buffalo Ranch,1
,,,,,,Unrefrigerated,1,,What Meat,1
,,,,,,Marinated,1,,Add Extra,1
,,,,,,Spry,1,,Indian Tomato,1
,,,,,,Peppermint,1,,Tefal Rice,1
,,,,,,Have,1,,Seasonal Indian,1
,,,,,,City,1,,Cacio e,1
,,,,,,Etiquette.json,1,,Rotel Substitutes.json,1
,,,,,,Tone,1,,Easy Sourdough,1
,,,,,,Defuzz,1,,Dark Vs,1
,,,,,,Ethnic,1,,Roasted Beet,1
,,,,,,Canadian,1,,Yellow Vs,1
,,,,,,Acetic,1,,Curd Cheese,1
,,,,,,Coconut,1,,Famous Maryland,1
,,,,,,Remote,1,,Nutrition Information,1
,,,,,,Information,1,,The Trick,1
,,,,,,Dishes.json,1,,Homemade Green,1
,,,,,,Infused,1,,Can Tub,1
,,,,,,Mandarin,1,,Cold Finger,1
,,,,,,Squash.json,1,,Rockfish Vs,1
,,,,,,Koji,1,,Cuban Ropa,1
,,,,,,Loss.json,1,,Brie Cheese,1
,,,,,,Curd.json,1,,Why Serve,1
,,,,,,Mustard.json,1,,Traditional Non,1
,,,,,,Horseradish,1,,Carrot Cake,1
,,,,,,Pipe,1,,What Appetizers,1
,,,,,,Wake,1,,Does Shortening,1
,,,,,,Mulled,1,,Homemade Muscadine,1
,,,,,,Codfish.json,1,,Seafood Gumbo,1
,,,,,,Blended,1,,How Cognac,1
,,,,,,Saltine,1,,Ghee Substitutes.json,1
,,,,,,Construct,1,,Dinner Suggestions,1
,,,,,,Jars,1,,FDA Food,1
,,,,,,Salting,1,,Spiced Apple,1
,,,,,,Thermometer,1,,Poppy Seed,1
,,,,,,Halibut,1,,Do Cookies,1
,,,,,,Caramelize,1,,Appetizers to,1
,,,,,,History,1,,What If,1
,,,,,,Allspice,1,,Will Gummy,1
,,,,,,Print,1,,Russet Potato,1
,,,,,,Salami,1,,How Popcorn,1
,,,,,,Never,1,,About the,1
,,,,,,Cloth,1,,KitchenAid Classic,1
,,,,,,Brazilian,1,,Stovetop Rice,1
,,,,,,Pack,1,,Are Avocados,1
,,,,,,Toppings,1,,All Clad,1
,,,,,,Monosodium,1,,Sauteing or,1
,,,,,,10,1,,Common Spices,1
,,,,,,Teflon,1,,Savory Chili,1
,,,,,,Asiago,1,,Remoulade vs,1
,,,,,,Framboise,1,,Kluski vs,1
,,,,,,Premade,1,,Chunk Albacore,1
,,,,,,Yukon.json,1,,Bouillon Cubes,1
,,,,,,Kiwifruit,1,,We Need,1
,,,,,,Sun,1,,Healthy Foods,1
,,,,,,Saltwater,1,,What Juices,1
,,,,,,Nutty,1,,Low Starch,1
,,,,,,Strip,1,,Grill Chicken,1
,,,,,,Presto,1,,Homemade Zucchini,1
,,,,,,Salsa,1,,Does Corned,1
,,,,,,Brunch,1,,John Morrell,1
,,,,,,Ammoglio,1,,Do Lobsters,1
,,,,,,Split,1,,Hospitality Room,1
,,,,,,Uncrystallize,1,,Twice Baked,1
,,,,,,Fusion,1,,Homemade Irish,1
,,,,,,Wheat,1,,Italian Cooking,1
,,,,,,Pepperoni,1,,Does Stainless,1
,,,,,,Idaho,1,,Detox Smoothie,1
,,,,,,Liverwurst,1,,Smoked Turkey,1
,,,,,,Frying,1,,Bamboo Vs,1
,,,,,,Bruised,1,,Copycat Recipe,1
,,,,,,Quaker,1,,What Neutralizes,1
,,,,,,Differences,1,,Do Almonds,1
,,,,,,Filet,1,,Risks of,1
,,,,,,Tahini,1,,Can Aluminum,1
,,,,,,Protect,1,,Typical Food,1
,,,,,,Pita,1,,Moong Daal,1
,,,,,,Starch,1,,Pesto Rice,1
,,,,,,Chips,1,,Creative Ways,1
,,,,,,Times.json,1,,Vegetables Used,1
,,,,,,Everyday,1,,Only Homemade,1
,,,,,,Fryer,1,,Theatre II,1
,,,,,,Classic,1,,Heavy Whipping,1
,,,,,,Carbon,1,,Baking Time,1
,,,,,,Plate,1,,Boneless Shoulder,1
,,,,,,Marmite,1,,Fried Apple,1
,,,,,,Oyster,1,,Serrano vs,1
,,,,,,Leavened,1,,Pork Roast,1
,,,,,,Sockeye,1,,Negative Effects,1
,,,,,,Traditional,1,,European Style,1
,,,,,,Dutch,1,,Christian Bars,1
,,,,,,Crusts,1,,Lobster Dinner,1
,,,,,,Checklist.json,1,,Meats That,1
,,,,,,Calibrate,1,,Bananas and,1
,,,,,,Serving,1,,The Cheddar,1
,,,,,,Portuguese,1,,Native American,1
,,,,,,Saffron,1,,Delicious Pound,1
,,,,,,Setup,1,,Mashed Potato,1
,,,,,,Cooked,1,,Wild Rice,1
,,,,,,Balancing,1,,Flavors of,1
,,,,,,Oriental,1,,Health Benefits,1
,,,,,,Tamales,1,,Degrees of,1
,,,,,,Bubblicious,1,,Cooking Tips,1
,,,,,,Chefs,1,,Preparing Pumpkin,1
,,,,,,ve,1,,Benefits of,1
,,,,,,Common,1,,Gas vs,1
,,,,,,Knead,1,,Food During,1
,,,,,,Broccoli,1,,Irish Cream,1
,,,,,,Kitchen,1,,Shrunken Head,1
,,,,,,Latin,1,,Single Cut,1
,,,,,,Prime,1,,Varieties of,1
,,,,,,Force,1,,Homemade Vanilla,1
,,,,,,Peach,1,,Lipton Soup,1
,,,,,,Inside,1,,Nashville Hot,1
,,,,,,Knife,1,,Electric Turkey,1
,,,,,,Uncurdle,1,,Italian Ham,1
,,,,,,Control,1,,Infrared Grill,1
,,,,,,Food.json,1,,Can Fresh,1
,,,,,,Jasmine,1,,Condiments to,1
,,,,,,Draining,1,,Drink These,1
,,,,,,Percent,1,,Fun Facts,1
,,,,,,Health,1,,Vegetables to,1
,,,,,,Brandy,1,,Sea Scallops,1
,,,,,,Tamales.json,1,,What Items,1
,,,,,,Pepe,1,,Electric Roaster,1
,,,,,,Elizabethan,1,,Every Essential,1
,,,,,,Fennel,1,,National Rice,1
,,,,,,Travel,1,,A Brief,1
,,,,,,Dust,1,,Nutrition in,1
,,,,,,Jazz,1,,Boiling the,1
,,,,,,Vizcaina,1,,Food Processor,1
,,,,,,Signs,1,,Chicken Noodle,1
,,,,,,Fruity,1,,The Cheese,1
,,,,,,Reese,1,,Bounce Back,1
,,,,,,Meatloaf,1,,Can Butter,1
,,,,,,Greens.json,1,,Which Cheeses,1
,,,,,,Distill,1,,How Dangerous,1
,,,,,,Wasabi,1,,Crispy Oven,1
,,,,,,Salad.json,1,,Cons Pros,1
,,,,,,Secrets,1,,Masterbuilt Turkey,1
,,,,,,Eclipse,1,,Dark Red,1
,,,,,,Cookers,1,,Elements in,1
,,,,,,Whisk,1,,Pressure Cooking,1
,,,,,,Watercolors,1,,Side Dish,1
,,,,,,Conventional,1,,Cuban Food.json,1
,,,,,,Fruits,1,,Philly Chicken,1
,,,,,,Veal,1,,Cheeses that,1
,,,,,,Cappuccino.json,1,,This Fig,1
,,,,,,Gummy,1,,What Would,1
,,,,,,Filling,1,,American Indian,1
,,,,,,Disassemble,1,,Creamy Greek,1
,,,,,,Buffet,1,,Cookie Maracas,1
,,,,,,Funyuns,1,,Hotel Style,1
,,,,,,Lava,1,,Licorice Tasting,1
,,,,,,Vegetarian,1,,Wonka Redskins,1
,,,,,,Funnels.json,1,,What Shellfish,1
,,,,,,Swizzle,1,,Bearnaise Sauce,1
,,,,,,Marechiara,1,,What Seasonings,1
,,,,,,Instructions,1,,Can Sausage,1
,,,,,,Grilling,1,,Cheesy Potato,1
,,,,,,Cranberry,1,,Homemade Ricotta,1
,,,,,,Flavored,1,,Homemade Turkey,1
,,,,,,Carb,1,,Luncheon Theme,1
,,,,,,Turkey,1,,Everything Bagel,1
,,,,,,Sticks.json,1,,Choice Vs,1
,,,,,,Tint,1,,Class Up,1
,,,,,,Chorizo,1,,Is Spinach,1
,,,,,,Shot,1,,Healthy One,1
,,,,,,Examples,1,,This Birthday,1
,,,,,,Cast,1,,Chocolate Chip,1
,,,,,,Granola,1,,Make Homemade,1
,,,,,,Containers,1,,Creative Uses,1
,,,,,,Unripened,1,,Seasonings for,1
,,,,,,Catfish,1,,Cooking Dumplings,1
,,,,,,Char,1,,Cow Butchering,1
,,,,,,Contain,1,,Convection Roast,1
,,,,,,Eggnog,1,,Romantic Picnic,1
,,,,,,Worms,1,,Roquefort Vs,1
,,,,,,Anolon,1,,Perfect Side,1
,,,,,,Fermented,1,,Edible Eyeball,1
,,,,,,Korean,1,,When an,1
,,,,,,Crabs.json,1,,Does Duck,1
,,,,,,Play,1,,Traditional Vegetable,1
,,,,,,Tray,1,,Preserving Caramel,1
,,,,,,Lemons,1,,Chafing Dish,1
,,,,,,Australian,1,,Grilling Chicken,1
,,,,,,Venison,1,,Blackened Vs,1
,,,,,,Teamwork,1,,Halal Foods,1
,,,,,,Rent,1,,The Sequence,1
,,,,,,Mixes,1,,California Catering,1
,,,,,,Diet.json,1,,Omega 3,1
,,,,,,Cracker,1,,Awesome DIY,1
,,,,,,Ravioli.json,1,,Cooking Meat,1
,,,,,,Oysters,1,,Turn Thanksgiving,1
,,,,,,Sizzle,1,,Linguica vs,1
,,,,,,Alternatives.json,1,,How Thick,1
,,,,,,Polonaise,1,,Copycat Red,1
,,,,,,Harvest,1,,Cooking Supplies,1
,,,,,,Candied,1,,Coconut Snowball,1
,,,,,,Hunt,1,,Baked BBQ,1
,,,,,,King,1,,Food Storage,1
,,,,,,Pimentos,1,,Healthy Delicious,1
,,,,,,Cause,1,,Biscuits Made,1
,,,,,,Soba,1,,Cheeses Similar,1
,,,,,,Chateaubriand,1,,Open House,1
,,,,,,Saimin,1,,Build a,1
,,,,,,Escargot.json,1,,Food to,1
,,,,,,Boursin,1,,Recipe Tutorial,1
,,,,,,Corona.json,1,,Making Chocolate,1
,,,,,,Canola,1,,KFC Cole,1
,,,,,,Operating,1,,You Can,1
,,,,,,Repop,1,,Most Common,1
,,,,,,Salmon.json,1,,Biscuits and,1
,,,,,,Mixed,1,,,
,,,,,,Babka,1,,,
,,,,,,Lychees,1,,,
,,,,,,Platter,1,,,
,,,,,,Luau,1,,,
,,,,,,Tortillas.json,1,,,
,,,,,,Stale,1,,,
,,,,,,Frosties,1,,,
,,,,,,Favorite,1,,,
,,,,,,Toxic,1,,,
,,,,,,Dangers.json,1,,,
,,,,,,Purify,1,,,
,,,,,,Fryer.json,1,,,
,,,,,,Powdered,1,,,
,,,,,,Didn,1,,,
,,,,,,can,1,,,
,,,,,,Lobsters,1,,,
,,,,,,Disadvantages,1,,,
,,,,,,Basil,1,,,
,,,,,,Frisee,1,,,
,,,,,,Saber,1,,,
,,,,,,Cloves.json,1,,,
,,,,,,Breakfast,1,,,
,,,,,,Soaking,1,,,
,,,,,,Whiten,1,,,
,,,,,,smoke,1,,,
,,,,,,Pastry,1,,,
,,,,,,Foil,1,,,
,,,,,,African,1,,,
,,,,,,Extra,1,,,
,,,,,,Fritters.json,1,,,
,,,,,,Signature,1,,,
,,,,,,Raspberry,1,,,
,,,,,,Bought,1,,,
